mutant,score
WT,1.0
C506P,0.094985
C509L,0.263335
Y291S,0.463849
T208G,0.478469
M313L,0.482545
T524R,0.569024
Y750P,0.598884
D718P,0.696704
W768F,0.834397
Q461E,0.87799
F445K,0.925837
K724G,0.938331
H633G,0.947634
D601G,0.964115
W397Y,0.986532
P716G,1.14673
R460E,1.176236
I528A,1.211457
Y659E,1.214425
K465E,1.220627
A546V,1.256778
I471E,1.283626
D29V,1.360269
Y481G,1.60801
T55L,1.698963
A217P,2.032164
I693W,3.267234
